accuracy,precision,recall,f1
82.81578074925406,0.8002410218316538,0.708083365075163,0.7348508338496895
