accuracy,precision,recall,f1
82.81578074925406,0.7831240301257558,0.7320443452248739,0.7509653344337359
