accuracy,precision,recall,f1
82.07536744391646,0.7687920884856794,0.7282555946674762,0.7439932020260245
