accuracy,precision,recall,f1
83.51199027516853,0.7925262804052506,0.7446862817143618,0.7630316956832481
